{
  "task": "coinvestor",
  "cutoff_year": 2023,
  "timestamp": "20251201_140730",
  "metrics": {
    "common_neighbors": {
      "precision@50": 1.0,
      "precision@100": 0.98,
      "pr_auc": 0.5352256713552602
    },
    "jaccard": {
      "precision@50": 0.56,
      "precision@100": 0.59,
      "pr_auc": 0.38521538862449967
    },
    "preferential_attachment": {
      "precision@50": 1.0,
      "precision@100": 1.0,
      "pr_auc": 0.5034064745522019
    },
    "logistic_regression": {
      "precision@50": 0.8,
      "precision@100": 0.77,
      "pr_auc": 0.408547859779821
    },
    "random_forest": {
      "precision@50": 0.62,
      "precision@100": 0.69,
      "pr_auc": 0.39480522774546356
    },
    "voting": {
      "precision@50": 0.86,
      "precision@100": 0.78,
      "pr_auc": 0.4629800716597735
    },
    "random_baseline": {
      "precision@50": 0.24,
      "precision@100": 0.2,
      "pr_auc": 0.16995100249093242
    }
  },
  "num_test_edges": 2392,
  "train_graph_nodes": 4527,
  "train_graph_edges": 38356
}